{
	"1": {
		"question": "",
		"answers": [
			{
				"text": "Привет, милый, можно заглянуть?",
				"text_f": "Привет, милая, можно заглянуть?",
				"goto": "2"
			},
			{
				"text": "Привет, что у тебя случилось?",
				"goto": "10"
			}
		]
	},
	"2": {
		"question": "Нет, нельзя",
		"answers": [
			{
				"text": "Эх, а я так хотела тебе чаю\nпринести и поболтать минутку",
				"goto": "3"
			},
			{
				"text": "Так, я вхожу",
				"goto": "11"
			}
		]
	},
	"3": {
		"question": "Ну заходи",
		"good": true,
		"good_title": "Отличный выбор!",
		"good_text": "Вы не давите, не требуете, показываете сожаление  и предлагаете что-то приятное – чай. Это удачный вариант.",
		"answers": [
			{
				"text": "Ты устал, похоже?",
				"text_f": "Ты устала, похоже?",
				"goto": "4"
			},
			{
				"text": "Что у тебя случилось?",
				"goto": "12"
			}
		]
	},
	"4": {
		"question": "Да блин",
		"good": true,
		"good_title": "Здорово!",
		"good_text": "Похоже, пока рано задавать вопросы, поэтому высказать предположение — верный шаг. Это поможет установить контакт. Еще так вы проявляете сочувствие и оказываете поддержку, а не наезжаете — это хорошая стратегия.",
		"answers": [
			{
				"text": "Я как свою школу вспомню, так\nвздрогну.",
				"goto": "5"
			},
			{
				"text": "Да, хлипкие дети пошли. 6 уроков, а устал как с завода вернулся",
				"text_f": "Да, хлипкие дети пошли. 6 уроков, а устала как с завода вернулась",
				"goto": "15"
			}
		]
	},
	"5": {
		"question": "",
		"answers": [
			{
				"text": "Слушай, вопрос есть, можно?",
				"goto": "6"
			}
		]
	},
	"6": {
		"question": "Да",
		"answers": [
			{
				"text": "Мне показалось, что ты последнее время какой-то расстроенный приходишь. Это так?",
				"goto": "7",
				"goto_second": "18"
			}
		]
	},
	"7": {
		"question": "Тебе показалось",
		"answers": [
			{
				"text": "Слушай, так обычно говорят, если сердятся, но не очень хотят обсуждать. Похоже на правду?",
				"goto": "18"
			},
			{
				"text": "Ну, может быть, ты же знаешь — я тревожная. Сразу думаю, что что-то с учителями или ребятами не так.",
				"goto": "8"
			},
			{
				"text": "Ну чего ты опять за свое! Я с тобой по-человечески, а ты хамишь!",
				"goto": "16"
			}
		]
	},
	"8": {
		"question": "",
		"answers": [
			{
				"text": "Хочется пойти всех поубивать за сына, а потом помочь",
				"text_f": "Хочется пойти всех поубивать за дочь, а потом помочь",
				"goto": "9"
			}
		]
	},
	"9": {
		"question": "Да не, всё ок",
		"answers": [
			{
				"text": "Ну, если что, я рядом",
				"goto": "14"
			}
		]
	},
	"10": {
		"question": "Ничего",
		"answers": [
			{
				"text": "Ну я же вижу, скажи в чём дело!",
				"goto": "11"
			}
		]
	},
	"11": {
		"question": "Отстань",
		"fail": true,
		"goto": "1"
	},
	"12": {
		"question": "Ничего",
		"answers": [
			{
				"text": "Ну я же вижу!",
				"goto": "13"
			},
			{
				"text": "Давай тогда просто поболтаем пару минут",
				"goto": "17"
			}
		]
	},
	"13": {
		"question": "Мам, отстань, а?! ",
		"fail": true,
		"goto": "12"
	},
	"14": {
		"final": true
	},
	"15": {
		"question": "",
		"fail": true,
		"goto": "4"
	},
	"16": {
		"question": "Не нравится — иди! Я тебя вообще не звал!",
		"fail": true,
		"goto": "7"
	},
	"17": {
		"question": "Хорошо, давай",
		"good": true,
		"good_title": "Иногда важно сдать назад и ослабить давление. ",
		"good_text": "Здорово, что вы предложили просто побеседовать. Это не приблизило вас к цели «Получить информацию», зато помогло установить более прочный контакт.",
		"answers": [
			{
				"text": "Слушай, вопрос есть, можно?",
				"goto": "6"
			}
		]
	},
	"18": {
		"question": "Ну да, блин, математичка меня достала",
		"answers": [
			{
				"text": "Достала? Что произошло?",
				"goto": "19"
			}
		]
	},
	"19": {
		"question": "Да! Вызвала в четверг к доске, поставила двойку и назвала долбозавром. Теперь меня так весь класс называет! Даже чат сделали и мемы туда скидывают, типа про меня",
		"answers": [
			{
				"text": "Ого, звучит очень неприятно",
				"goto": "20"
			},
			{
				"text": "А почему двойка? Опять вместо уроков в игре своей сидел?!",
				"goto": "22"
			}
		]
	},
	"20": {
		"question": "Не то слово, не хочу больше туда возвращаться",
		"good": true,
		"good_title": "Здорово! ",
		"good_text": "Вы показали, что слушаете и позволили говорить дальше.",
		"answers": [
			{
				"text": "Я бы хотела тебе помочь, можно?",
				"goto": "21"
			}
		]
	},
	"21": {
		"question": "Да как ты тут поможешь?",
		"final": true
	},
	"22": {
		"question": "Ребенок поделился эмоцией, а мы опять за своё. Скорее всего, подросток снова замкнётся, и потом завоевать его доверие будет уже сложнее.",
		"fail": true,
		"goto": "19"
	}
}