{
	"data": [
		{
			"type": "chat",
			"desc": "Что пошло не так?",
			"question": [
				["","Мам, привет, я дома"],
				["Где ты шлялся, телефон выключен! Все нервы мне истрепал","Опять ты за своё..."]
			],
			"options": [
				"Рано перешли к открытым вопросам",
				"Вступили в диалог в гневном состоянии",
				"В детстве мало пороли"
			],
			"answer_title": ["Не совсем так", "Всё верно", "А вас достаточно пороли?"],
			"answer": ["Ошибка в другом: мама в гневе, а в таком состоянии любые вопросы будут звучать агрессивно. Лучше отложить разговор до тех пор, пока эмоции не улягутся.", "Если мы хотим нормально поговорить, а не выплеснуть эмоции, нам важно быть спокойными. ", "Когда мы злимся, нам хочется найти виноватых. Это не конструктивно."],
			"true": 1
		},
		{
			"type": "chat",
			"desc": "Что пошло не так?",
			"question": [
				["Как дела в школе?","Да нормально, как обычно"],
				["Мне кажется, ты что-то от меня скрываешь. Расскажи, что случилось?","Да ничего не случилось, нормально всё, отстань"]
			],
			"options": [
				"Не установили контакт",
				"Я душный родитель",
				"Рано перешли к открытым вопросам"
			],

			"answer_title": ["Дело не в этом", "Дело не в этом", "Всё верно"],
			"answer": ["Сначала мы задали закрытый вопрос и получили на него ответ. Но потом слишком рано перешли к открытому вопросу.", "Диалог нормальный: родитель спокоен и интересуется подростком. Проблема в том, что мы слишком рано перешли к открытым вопросам. ", "Мы задали хороший содержательный вопрос. Возможно, подростку не хватило буквально минуты разговора на более спокойные темы, чтобы раскрыться."],
			"true": 2
		},
		{
			"type": "chat",
			"desc": "Что пошло не так?",
			"question": [
				["","Мам, надо поговорить"],
				["Ну ты говори, я параллельно посуду домою","Ладно, тогда потом"]
			],
			"options": [
				"Не установили контакт",
				"Подросток полез не вовремя",
				"Пропустили этап закрытых вопросов"
			],
			"answer_title": ["Всё верно", "Не совсем так", "Не совсем так"],
			"answer": ["Для доверительного разговора нужна вовлеченность, а тут мы выбрали посуду вместо подростка. Такое кому угодно будет неприятно. ", "Подростки не часто сами идут на контакт с родителями, поэтому такие моменты стоит ценить, и использовать, чтобы выстроить доверительные отношения. А вот посуда может подождать.", "Здесь мы даже не дошли до закрытых вопросов, потому пропустили этап установления контакта."],
			"true": 0,
			"break": true
		}
	]
}
