{
	"data": [
		{
			"type": "open",
			"desc": "Какой это вопрос?",
			"question": "Ты устал?",
			"options": ["Закрытый", "Открытый"],
			"answer": ["Это закрытый вопрос, который подразумевает всего два ответа: «да» или «нет». Даже если ответ «нет» сформулирован как «отстань от меня».", "Это закрытый вопрос, который подразумевает всего два ответа: «да» или «нет». Даже если ответ «нет» сформулирован как «отстань от меня»."],
			"true": 0
		},
		{
			"type": "open",
			"desc": "Какой это вопрос?",
			"question": "Поговорим?",
			"options": ["Закрытый", "Открытый"],
			"answer": [["Это закрытый вопрос, хоть и выглядит как приглашение к разговору. Но у подростка только два выбора: либо согласиться на разговор, либо отказаться.", "А открытые вопросы предполагают развернутый ответ. "], ["Это закрытый вопрос, хоть и выглядит как приглашение к разговору. Но у подростка только два выбора: либо согласиться на разговор, либо отказаться.", "А открытые вопросы предполагают развернутый ответ. "]],
			"true": 0
		},
		{
			"type": "open",
			"desc": "Какой это вопрос?",
			"question": "Что случилось у тебя в школе?",
			"options": ["Закрытый", "Открытый"],
			"answer": [["Это открытый вопрос. На него не получится ответить «да» или «нет», так или иначе он предполагает какой-то рассказ, развернутый ответ. ", "Что, конечно, совершенно не означает, что подросток будет отвечать «с огоньком»."], ["Это открытый вопрос. На него не получится ответить «да» или «нет», так или иначе он предполагает какой-то рассказ, развернутый ответ.", "Что, конечно, совершенно не означает, что подросток будет отвечать «с огоньком»."]],
			"true": 1,
			"break": true
		},
		{
			"type": "phrase",
			"desc": "Перефразируйте с сохранением смысла",
			"question": "У тебя проблемы?",
			"options": [
				"Как тебе помочь?",
				"Расскажи, пожалуйста, что с тобой происходит?",
				"Ты опять куда-то влип?"
			],
			"answer_title": ["Не совсем так", "Всё верно", "Не совсем так"],
			"answer": ["Этот вопрос следующего шага. Пока мы ещё не понимаем, что вообще происходит. Скорее всего, получим удивление и отказ.", ["Этот вопрос предполагает развернутый ответ и задан по теме.", "Хорошо, что вы предложили \"рассказать\" - это максимально мягкая формулировка вопроса. Если добавлять ее к прямому открытому вопросу, диалог получается более комфортным."], "Во-первых, это закрытый вопрос. А во-вторых, он достаточно агрессивен. Скорее всего, в ответ мы получим сопротивление и агрессию."],
			"true": 1
		},
		{
			"type": "phrase",
			"desc": "Перефразируйте с сохранением смысла",
			"question": "Ты обалдел вообще?",
			"options": [
				"Ты обалдел вообще?",
				"Как думаешь, где ты перешёл границу?",
				"Расскажи, пожалуйста, почему ты так сделал?"
			],
			
			"answer_title": ["Ну вы поняли :)", "Возможно, но...", "Всё верно"],
			"answer": ["Иногда мы так злимся, что нам трудно задуматься над тем, какой вопрос задать.", "Это действительно открытый вопрос, однако звучит как обвинение и может вызывать агрессивную реакцию.", "Это хороший открытый вопрос, который предполагает развернутый ответ. К тому же он лишен негативных эмоциональных окрасок. "],
			"true": 2
		},
		{
			"type": "phrase",
			"desc": "Перефразируйте с сохранением смысла",
			"question": "Ты планируешь поступать в институт?",
			"options": [
				"Что думаешь делать после школы?",
				"Ты уже задумывался о высшем образовании?",
				"Что думаешь по поводу карьеры дворника?"
			],
			
			"answer_title": ["Всё верно", "Не совсем так", "Перебор"],
			"answer": ["Отличный вариант открытого вопроса. С его помощью вы выражаете заинтересованность в точке зрения собеседника и подводите к развернутому ответу.", "Вы задали вопрос по теме, но это закрытый вопрос. Вы получите в ответ либо да, либо нет, и это не приведёт к развитию диалога.", "Шутка — неплохой вариант развития диалога, но обращайте внимание на то, чтобы она не была обидной. Эта – обидная! "],
			"true": 0,
			"break": true
		}
	]
}
